{
  "sell_only_active": true,
  "n_simulations": 10000,
  "n_empirical_days": 447,
  "empirical": {
    "r_space": {
      "total": 458.8387,
      "mean": 1.026485,
      "std": 0.822678,
      "sharpe": 19.8072
    },
    "pct_space": {
      "total_pct": 478.7978,
      "mean_pct": 1.071136,
      "std_pct": 1.016172,
      "sharpe": 16.7332
    }
  },
  "pct_space": {
    "1y": {
      "horizon_days": 252,
      "n_simulations": 10000,
      "expected_total_return": 13.944084,
      "median_total_return": 12.793639,
      "std_total_return": 5.686323,
      "expected_max_dd": -0.017358,
      "median_max_dd": -0.019398,
      "std_max_dd": 0.0045,
      "var_95_dd": -0.022772,
      "var_99_dd": -0.030074,
      "worst_dd": -0.041898,
      "best_dd": -0.001929,
      "p_positive_return": 1.0,
      "expected_up_ratio": 0.89984
    },
    "3y": {
      "horizon_days": 756,
      "n_simulations": 10000,
      "expected_total_return": 3440.191752,
      "median_total_return": 2819.697507,
      "std_total_return": 2420.697533,
      "expected_max_dd": -0.020715,
      "median_max_dd": -0.019749,
      "std_max_dd": 0.003469,
      "var_95_dd": -0.028396,
      "var_99_dd": -0.034253,
      "worst_dd": -0.045241,
      "best_dd": -0.010533,
      "p_positive_return": 1.0,
      "expected_up_ratio": 0.900587
    },
    "5y": {
      "horizon_days": 1260,
      "n_simulations": 10000,
      "expected_total_return": 771679.617477,
      "median_total_return": 553121.252097,
      "std_total_return": 762647.827648,
      "expected_max_dd": -0.02166,
      "median_max_dd": -0.019749,
      "std_max_dd": 0.003746,
      "var_95_dd": -0.030339,
      "var_99_dd": -0.03579,
      "worst_dd": -0.045326,
      "best_dd": -0.012231,
      "p_positive_return": 1.0,
      "expected_up_ratio": 0.90033
    }
  },
  "r_space": {
    "1y": {
      "horizon_days": 252,
      "n_simulations": 10000,
      "expected_total_return": 255.900283,
      "median_total_return": 256.0306,
      "std_total_return": 25.871238,
      "expected_max_dd": -2.911528,
      "median_max_dd": -2.539697,
      "std_max_dd": 1.181237,
      "var_95_dd": -4.609513,
      "var_99_dd": -5.945788,
      "worst_dd": -11.104545,
      "best_dd": -0.423,
      "p_positive_return": 1.0,
      "expected_up_ratio": 0.874348
    },
    "3y": {
      "horizon_days": 756,
      "n_simulations": 10000,
      "expected_total_return": 770.186765,
      "median_total_return": 770.024838,
      "std_total_return": 44.389008,
      "expected_max_dd": -3.951289,
      "median_max_dd": -4.166061,
      "std_max_dd": 1.042189,
      "var_95_dd": -5.650202,
      "var_99_dd": -6.921879,
      "worst_dd": -10.506545,
      "best_dd": -1.548,
      "p_positive_return": 1.0,
      "expected_up_ratio": 0.875438
    },
    "5y": {
      "horizon_days": 1260,
      "n_simulations": 10000,
      "expected_total_return": 1282.139092,
      "median_total_return": 1282.663807,
      "std_total_return": 58.316393,
      "expected_max_dd": -4.37502,
      "median_max_dd": -4.355606,
      "std_max_dd": 0.931818,
      "var_95_dd": -6.061162,
      "var_99_dd": -7.645706,
      "worst_dd": -10.111545,
      "best_dd": -1.723232,
      "p_positive_return": 1.0,
      "expected_up_ratio": 0.875274
    }
  }
}